{
    "packages": [
        {
            "name": "eftec/bladeone",
            "version": "4.17.1",
            "version_normalized": "4.17.1.0",
            "source": {
                "type": "git",
                "url": "https://github.com/EFTEC/BladeOne.git",
                "reference": "7f2bb41b7dfc8be16a83ea544ce0981c844f7ecc"
            },
            "dist": {
                "type": "zip",
                "url": "https://api.github.com/repos/EFTEC/BladeOne/zipball/7f2bb41b7dfc8be16a83ea544ce0981c844f7ecc",
                "reference": "7f2bb41b7dfc8be16a83ea544ce0981c844f7ecc",
                "shasum": ""
            },
            "require": {
                "ext-json": "*",
                "php": ">=7.4"
            },
            "require-dev": {
                "phpunit/phpunit": "^8.5.23"
            },
            "suggest": {
                "eftec/bladeonehtml": "Extension to create forms",
                "ext-mbstring": "This extension is used if it's active"
            },
            "time": "2024-12-30T17:31:52+00:00",
            "bin": [
                "lib/bladeonecli"
            ],
            "type": "library",
            "installation-source": "source",
            "autoload": {
                "psr-4": {
                    "eftec\\bladeone\\": "lib/"
                }
            },
            "notification-url": "https://packagist.org/downloads/",
            "license": [
                "MIT"
            ],
            "authors": [
                {
                    "name": "Jorge Patricio Castro Castillo",
                    "email": "jcastro@eftec.cl"
                }
            ],
            "description": "The standalone version Blade Template Engine from Laravel in a single php file",
            "homepage": "https://github.com/EFTEC/BladeOne",
            "keywords": [
                "blade",
                "php",
                "template",
                "templating",
                "view"
            ],
            "support": {
                "issues": "https://github.com/EFTEC/BladeOne/issues",
                "source": "https://github.com/EFTEC/BladeOne/tree/4.17.1"
            },
            "install-path": "../eftec/bladeone"
        },
        {
            "name": "monolog/monolog",
            "version": "3.8.1",
            "version_normalized": "3.8.1.0",
            "source": {
                "type": "git",
                "url": "https://github.com/Seldaek/monolog.git",
                "reference": "aef6ee73a77a66e404dd6540934a9ef1b3c855b4"
            },
            "dist": {
                "type": "zip",
                "url": "https://api.github.com/repos/Seldaek/monolog/zipball/aef6ee73a77a66e404dd6540934a9ef1b3c855b4",
                "reference": "aef6ee73a77a66e404dd6540934a9ef1b3c855b4",
                "shasum": ""
            },
            "require": {
                "php": ">=8.1",
                "psr/log": "^2.0 || ^3.0"
            },
            "provide": {
                "psr/log-implementation": "3.0.0"
            },
            "require-dev": {
                "aws/aws-sdk-php": "^3.0",
                "doctrine/couchdb": "~1.0@dev",
                "elasticsearch/elasticsearch": "^7 || ^8",
                "ext-json": "*",
                "graylog2/gelf-php": "^1.4.2 || ^2.0",
                "guzzlehttp/guzzle": "^7.4.5",
                "guzzlehttp/psr7": "^2.2",
                "mongodb/mongodb": "^1.8",
                "php-amqplib/php-amqplib": "~2.4 || ^3",
                "php-console/php-console": "^3.1.8",
                "phpstan/phpstan": "^2",
                "phpstan/phpstan-deprecation-rules": "^2",
                "phpstan/phpstan-strict-rules": "^2",
                "phpunit/phpunit": "^10.5.17 || ^11.0.7",
                "predis/predis": "^1.1 || ^2",
                "rollbar/rollbar": "^4.0",
                "ruflin/elastica": "^7 || ^8",
                "symfony/mailer": "^5.4 || ^6",
                "symfony/mime": "^5.4 || ^6"
            },
            "suggest": {
                "aws/aws-sdk-php": "Allow sending log messages to AWS services like DynamoDB",
                "doctrine/couchdb": "Allow sending log messages to a CouchDB server",
                "elasticsearch/elasticsearch": "Allow sending log messages to an Elasticsearch server via official client",
                "ext-amqp": "Allow sending log messages to an AMQP server (1.0+ required)",
                "ext-curl": "Required to send log messages using the IFTTTHandler, the LogglyHandler, the SendGridHandler, the SlackWebhookHandler or the TelegramBotHandler",
                "ext-mbstring": "Allow to work properly with unicode symbols",
                "ext-mongodb": "Allow sending log messages to a MongoDB server (via driver)",
                "ext-openssl": "Required to send log messages using SSL",
                "ext-sockets": "Allow sending log messages to a Syslog server (via UDP driver)",
                "graylog2/gelf-php": "Allow sending log messages to a GrayLog2 server",
                "mongodb/mongodb": "Allow sending log messages to a MongoDB server (via library)",
                "php-amqplib/php-amqplib": "Allow sending log messages to an AMQP server using php-amqplib",
                "rollbar/rollbar": "Allow sending log messages to Rollbar",
                "ruflin/elastica": "Allow sending log messages to an Elastic Search server"
            },
            "time": "2024-12-05T17:15:07+00:00",
            "type": "library",
            "extra": {
                "branch-alias": {
                    "dev-main": "3.x-dev"
                }
            },
            "installation-source": "source",
            "autoload": {
                "psr-4": {
                    "Monolog\\": "src/Monolog"
                }
            },
            "notification-url": "https://packagist.org/downloads/",
            "license": [
                "MIT"
            ],
            "authors": [
                {
                    "name": "Jordi Boggiano",
                    "email": "j.boggiano@seld.be",
                    "homepage": "https://seld.be"
                }
            ],
            "description": "Sends your logs to files, sockets, inboxes, databases and various web services",
            "homepage": "https://github.com/Seldaek/monolog",
            "keywords": [
                "log",
                "logging",
                "psr-3"
            ],
            "support": {
                "issues": "https://github.com/Seldaek/monolog/issues",
                "source": "https://github.com/Seldaek/monolog/tree/3.8.1"
            },
            "funding": [
                {
                    "url": "https://github.com/Seldaek",
                    "type": "github"
                },
                {
                    "url": "https://tidelift.com/funding/github/packagist/monolog/monolog",
                    "type": "tidelift"
                }
            ],
            "install-path": "../monolog/monolog"
        },
        {
            "name": "psr/log",
            "version": "3.0.2",
            "version_normalized": "3.0.2.0",
            "source": {
                "type": "git",
                "url": "https://github.com/php-fig/log.git",
                "reference": "f16e1d5863e37f8d8c2a01719f5b34baa2b714d3"
            },
            "dist": {
                "type": "zip",
                "url": "https://api.github.com/repos/php-fig/log/zipball/f16e1d5863e37f8d8c2a01719f5b34baa2b714d3",
                "reference": "f16e1d5863e37f8d8c2a01719f5b34baa2b714d3",
                "shasum": ""
            },
            "require": {
                "php": ">=8.0.0"
            },
            "time": "2024-09-11T13:17:53+00:00",
            "type": "library",
            "extra": {
                "branch-alias": {
                    "dev-master": "3.x-dev"
                }
            },
            "installation-source": "source",
            "autoload": {
                "psr-4": {
                    "Psr\\Log\\": "src"
                }
            },
            "notification-url": "https://packagist.org/downloads/",
            "license": [
                "MIT"
            ],
            "authors": [
                {
                    "name": "PHP-FIG",
                    "homepage": "https://www.php-fig.org/"
                }
            ],
            "description": "Common interface for logging libraries",
            "homepage": "https://github.com/php-fig/log",
            "keywords": [
                "log",
                "psr",
                "psr-3"
            ],
            "support": {
                "source": "https://github.com/php-fig/log/tree/3.0.2"
            },
            "install-path": "../psr/log"
        }
    ],
    "dev": true,
    "dev-package-names": []
}
